слушать ютуб в фоне	слушать ютуб в фоне
слушать ютуб в фоне	как слушать ютуб в фоне
слушать ютуб в фоне	как слушать ютуб в фоне на айфоне
слушать ютуб в фоне	слушать ютуб в фоновом режиме
слушать ютуб в фоне	слушать ютуб в фоновом режиме на андроид
слушать ютуб в фоне	смотреть ютуб в фоне
слушать ютуб в фоне	как смотреть ютуб в фоне на андроид
слушать ютуб в фоне	как смотреть ютуб в фоне
слушать ютуб в фоне	как слушать ютуб в фоновом режиме
слушать ютуб в фоне	как смотреть ютуб в фоне на айфон
слушать ютуб в фоне	как слушать ютуб в фоновом режиме на айфон
слушать ютуб в фоне	как слушать ютуб в фоновом режиме на андроид
слушать ютуб в фоне	ютуб музыка как слушать в фоновом режиме андроид
слушать ютуб в фоне	как в ютуб мьюзик слушать музыку в фоновом режиме бесплатно
слушать ютуб в фоне	как слушать ютуб мьюзик в фоновом режиме без подписки
слушать ютуб в фоне	как слушать ютуб музыку в фоновом режиме без подписки
слушать ютуб в фоне	как слушать ютуб музыку в фоновом режиме
слушать ютуб в фоне	как слушать ютуб мьюзик в фоновом режиме
слушать ютуб в фоне	как слушать музыку в ютуб мьюзик в фоновом режиме
слушать ютуб в фоне	можно ли слушать ютуб музыку в фоновом режиме
слушать ютуб в фоне	можно ли в ютуб музыке слушать музыку в фоновом режиме
слушать ютуб в фоне	можно ли слушать ютуб в фоновом режиме
слушать ютуб в фоне	можно ли слушать музыку в ютуб мьюзик в фоновом режиме
слушать ютуб в фоне	как слушать музыку в ютуб мьюзик в фоновом режиме без подписки
слушать ютуб в фоне	как слушать ютуб музыку в фоновом режиме без подписки на андроид
слушать ютуб в фоне	ютуб мьюзик как слушать в фоновом режиме
слушать ютуб в фоне	как слушать ютуб музыку в фоновом режиме без подписки на айфон
слушать ютуб в фоне	как слушать ютуб в фоновом режиме на андроид с выключенным экраном
как слушать ютуб с выключенным экраном	как слушать ютуб с выключенным экраном
как слушать ютуб с выключенным экраном	как слушать ютуб с выключенным экраном на андроид
как слушать ютуб с выключенным экраном	как слушать ютуб с выключенным экраном на андроид бесплатно
как слушать ютуб с выключенным экраном	как слушать ютуб с выключенным экраном на айфон
как слушать ютуб с выключенным экраном	как слушать музыку в ютуб мьюзик с выключенным экраном
как слушать ютуб с выключенным экраном	как слушать ютуб музыку с выключенным экраном
как слушать ютуб с выключенным экраном	как можно слушать ютуб с выключенным экраном
как слушать ютуб с выключенным экраном	как смотреть ютуб с выключенным экраном
как слушать ютуб с выключенным экраном	как смотреть ютуб с выключенным экраном на айфоне
как слушать ютуб с выключенным экраном	как смотреть ютуб с выключенным экраном на андроид
как слушать ютуб с выключенным экраном	как смотреть ютуб на телефоне с выключенным экраном
ютуб в фоновом режиме	ютуб в фоновом режиме
ютуб в фоновом режиме	ютуб в фоновом режиме на андроид
ютуб в фоновом режиме	ютуб в фоновом режиме на айфон
ютуб в фоновом режиме	ютуб в фоновом режиме на андроид как сделать
ютуб в фоновом режиме	ютуб в фоновом режиме на андроид скачать
ютуб в фоновом режиме	ютуб в фоновом режиме приложение
ютуб в фоновом режиме	ютуб в фоновом режиме на айфон как сделать
ютуб в фоновом режиме	ютуб в фоновом режиме на андроид как
ютуб в фоновом режиме	ютуб в фоновом режиме скачать
ютуб в фоновом режиме	ютуб в фоновом режиме на андроид как сделать чтобы работал
ютуб в фоновом режиме	как смотреть ютуб в фоновом режиме на айфоне
ютуб в фоновом режиме	как смотреть ютуб в фоновом режиме на андроид
ютуб в фоновом режиме	как сделать ютуб в фоновом режиме на андроиде
ютуб в фоновом режиме	как включить ютуб в фоновом режиме на андроид
ютуб в фоновом режиме	как сделать ютуб в фоновом режиме на айфон
ютуб в фоновом режиме	как включить ютуб в фоновом режиме на айфоне
ютуб в фоновом режиме	ютуб музыка в фоновом режиме бесплатно
ютуб в фоновом режиме	как смотреть ютуб в фоновом режиме на айфоне бесплатно
ютуб в фоновом режиме	как смотреть ютуб в фоновом режиме на андроид бесплатно
ютуб в фоновом режиме	ютуб без рекламы и в фоновом режиме
ютуб в фоновом режиме	как сделать чтобы ютуб был в фоновом режиме
ютуб в фоновом режиме	как смотреть ютуб в фоновом режиме без подписки
ютуб в фоновом режиме	ютуб в фоне на андроид бесплатно
ютуб в фоновом режиме	как включить ютуб в фоновом режиме
ютуб в фоновом режиме	как включить видео ютуб в фоновом режиме
ютуб в фоновом режиме	как включить ютуб музыку в фоновом режиме
ютуб в фоновом режиме	как включить ютуб мьюзик в фоновом режиме
ютуб в фоновом режиме	в каких странах ютуб работает в фоновом режиме
ютуб в фоновом режиме	как смотреть видео ютуб в фоновом режиме
ютуб в фоновом режиме	как воспроизвести ютуб в фоновом режиме
ютуб в фоновом режиме	как сделать ютуб видео в фоновом режиме
ютуб в фоновом режиме	ютуб не грузит видео в фоне
ютуб в фоновом режиме	приложение для просмотра ютуб в фоновом режиме
ютуб в фоновом режиме	приложение для ютуба в фоновом режиме
ютуб в фоновом режиме	приложение для просмотра ютуба в фоновом режиме
ютуб в фоновом режиме	как запустить ютуб в фоновом режиме
ютуб в фоновом режиме	как запустить ютуб в фоновом режиме на андроид
ютуб в фоновом режиме	как заставить ютуб работать в фоновом режиме
ютуб в фоновом режиме	как запустить ютуб в фоновом режиме на айфоне
ютуб в фоновом режиме	как включить видео из ютуба в фоновом режиме
ютуб в фоновом режиме	как смотреть видео из ютуба в фоновом режиме
ютуб в фоновом режиме	как смотреть ютуб в фоновом режиме
ютуб в фоновом режиме	как сделать ютуб в фоновом режиме
ютуб в фоновом режиме	как открыть ютуб в фоновом режиме
ютуб в фоновом режиме	можно ли смотреть ютуб в фоновом режиме
ютуб в фоновом режиме	может ли ютуб работать в фоновом режиме
ютуб в фоновом режиме	можно ли сделать ютуб в фоновом режиме
ютуб в фоновом режиме	можно ли смотреть ютуб в фоновом режиме на айфоне
ютуб в фоновом режиме	можно ли смотреть ютуб в фоновом режиме на андроид
ютуб в фоновом режиме	почему ютуб музыка не работает в фоновом режиме
ютуб в фоновом режиме	ютуб музыка не работает в фоновом режиме
ютуб в фоновом режиме	как сделать ютуб музыку в фоновом режиме
ютуб в фоновом режиме	почему ютуб премиум не работает в фоновом режиме
ютуб в фоновом режиме	как открыть ютуб в фоновом режиме на айфоне
ютуб в фоновом режиме	как открыть ютуб в фоновом режиме на андроид
ютуб в фоновом режиме	как открыть ютуб в фоновом режиме на пк
ютуб в фоновом режиме	почему ютуб не работает в фоновом режиме
ютуб в фоновом режиме	приложение чтобы смотреть ютуб в фоновом режиме
ютуб в фоновом режиме	как смотреть ютуб в фоновом режиме на пк
ютуб в фоновом режиме	ютуб премиум не работает в фоновом режиме почему
ютуб в фоновом режиме	как сделать ютуб в фоновом режиме на пк
ютуб в фоновом режиме	почему ютуб нельзя смотреть в фоновом режиме
ютуб в фоновом режиме	как сделать чтобы ютуб работал в фоновом режиме
ютуб в фоновом режиме	как сделать чтоб ютуб работал в фоновом режиме
ютуб в фоновом режиме	ютуб начал работать в фоновом режиме
ютуб в фоновом режиме	ютуб работает в фоновом режиме
ютуб в фоновом режиме	как смотреть ютуб в фоновом режиме на телефоне
ютуб в фоновом режиме	как слушать музыку с ютуба в фоновом режиме на телефоне
ютуб в фоновом режиме	как включить ютуб в фоновом режиме на телефоне
ютуб в фоновом режиме	как настроить ютуб чтобы работал в фоновом режиме
ютуб в фоновом режиме	как сделать чтобы ютуб играл в фоновом режиме
ютуб в фоновом режиме	приложение чтобы смотреть ютуб в фоновом режиме на андроид
ютуб в аудио	ютуб в аудио
ютуб в аудио	ютуб в аудио онлайн
ютуб в аудио	ютуб в аудио конвертер
ютуб в аудио	ютуб в звук
ютуб в аудио	ютуб в музыку
ютуб в аудио	перенести музыку из яндекс в ютуб
ютуб в аудио	скачать музыку ютуб в мп3
ютуб в аудио	скачать с ютуб музыку онлайн в мр3
ютуб в аудио	как скачать музыку в ютуб мьюзик
ютуб в аудио	конвертировать ютуб в музыку
ютуб в аудио	как скачать аудио с ютуба на андроид
ютуб в аудио	скачать аудио с ютуба на андроид
ютуб в аудио	как проверить музыку на ап в ютуб
ютуб в аудио	аудио без авторских прав для ютуба
ютуб в аудио	скачать аудио ютуба
ютуб в аудио	как скачать с ютуб музыку в mp3 бесплатно
ютуб в аудио	скачать музыку из видео ютуб в мп3 бесплатно
ютуб в аудио	скачать аудио с ютуба бесплатно
ютуб в аудио	скачать с ютуба аудио без видео онлайн
ютуб в аудио	скачать аудио с ютуба по ссылке бесплатно
ютуб в аудио	скачать с ютуба аудио без видео
ютуб в аудио	как скачать музыку в ютуб мьюзик бесплатно
ютуб в аудио	как скачать с ютуба аудио без видео
ютуб в аудио	как скачать аудио из ютуба без видео
ютуб в аудио	скачать аудио с ютуба в mp3 бесплатно
ютуб в аудио	видео ютуб в аудио
ютуб в аудио	из видео в аудио ютуб
ютуб в аудио	скачать видео с ютуб в виде аудио
ютуб в аудио	конвертер видео в аудио ютуб
ютуб в аудио	конвертер из видео в аудио из ютуб
ютуб в аудио	конвертировать видео в аудио ютуб
ютуб в аудио	скачать аудио из видео в ютуб
ютуб в аудио	видео с ютуб в аудио
ютуб в аудио	видео ютуб в аудио конвертер онлайн
ютуб в аудио	из видео в аудио ютуб по ссылке
ютуб в аудио	скачать аудио дорожку с ютуба
ютуб в аудио	как добавить музыку в плейлист ютуб
ютуб в аудио	как скачать аудио дорожку с ютуба в mp3
ютуб в аудио	как добавить музыку в ютуб
ютуб в аудио	как добавить свою музыку в ютуб мьюзик
ютуб в аудио	как добавить свою музыку в ютуб
ютуб в аудио	как скачать аудио дорожку с ютуба
ютуб в аудио	как добавить музыку в ютуб мьюзик
ютуб в аудио	сайт для скачивания аудио с ютуба
ютуб в аудио	тг бот для скачивания аудио с ютуба
ютуб в аудио	загрузить аудио с ютуба
ютуб в аудио	зайди в ютуб музыку
ютуб в аудио	как загрузить свою музыку в ютуб мьюзик
ютуб в аудио	запись аудио с ютуба
ютуб в аудио	как загрузить музыку в ютуб
ютуб в аудио	как записать аудио с ютуба
ютуб в аудио	загрузчик аудио с ютуба
ютуб в аудио	как загрузить музыку в ютуб мьюзик
ютуб в аудио	загрузчик аудио из ютуба
ютуб в аудио	записать аудио с ютуба
ютуб в аудио	из ютуб в аудио
ютуб в аудио	скачать аудио из ютуба
ютуб в аудио	скачать звук из видео ютуб в mp3
ютуб в аудио	скачать аудио из видео с ютуба
ютуб в аудио	скачать аудио из ютуба по ссылке
ютуб в аудио	конвертировать видео с ютуб в аудио
ютуб в аудио	конвертировать видео в аудио mp3 ютуб
ютуб в аудио	как скачать аудио с ютуба
ютуб в аудио	как скачать аудио с ютуба в mp3
ютуб в аудио	скачать видео с ютуба как аудио
ютуб в аудио	можно ли перенести музыку из вк в ютуб
ютуб в аудио	может ли алиса воспроизводить аудио с ютуба
ютуб в аудио	перевести видео с ютуб в аудио формат в мр3
ютуб в аудио	скачать аудио с ютуба в мп3
ютуб в аудио	перенести музыку из спотифай в ютуб музыку
ютуб в аудио	конвертировать музыку с ютуб в мп3
ютуб в аудио	скачать аудио с ютуба мп3
ютуб в аудио	скачать аудио из ютуба мр3
ютуб в аудио	как найти музыку из видео в ютуб
ютуб в аудио	как скачать аудио с ютуба на компьютер
ютуб в аудио	как определить музыку в видео на ютуб
ютуб в аудио	как скачать аудио с ютуба на телефон
ютуб в аудио	скачать видео с ютуба на аудио
ютуб в аудио	конвертировать видео с ютуба на аудио
ютуб в аудио	скачать аудио с ютуба в mp3 онлайн
ютуб в аудио	скачать аудио с ютуба онлайн
ютуб в аудио	конвертер из видео в аудио онлайн с ютуба
ютуб в аудио	вырезать аудио из видео с ютуба онлайн
ютуб в аудио	как оплатить ютуб музыку в россии
ютуб в аудио	скачать аудио с ютуба онлайн по ссылке
ютуб в аудио	скачать аудио с ютуба по ссылке
ютуб в аудио	скачать аудио с ютуба в mp3 по ссылке
ютуб в аудио	как перенести плейлист из спотифай в ютуб музыку
ютуб в аудио	извлечь аудио из видео по ссылке с ютуба
ютуб в аудио	скачать аудио с ютуба в mp3 расширение
ютуб в аудио	как оформить подписку на ютуб музыку в россии
ютуб в аудио	скачать аудио с ютуба расширение
ютуб в аудио	как подключить ютуб музыку в россии
ютуб в аудио	как слушать ютуб музыку в россии
ютуб в аудио	сколько стоит подписка на ютуб музыку в рублях
ютуб в аудио	скачать с ютуб в аудио
ютуб в аудио	скачать видео с ютуб в аудио
ютуб в аудио	скачать видео в аудио ютуб
ютуб в аудио	ютуб ссылка в аудио
ютуб в аудио	скачать видео с ютуб в аудио формате
ютуб в аудио	ютуб аудио в текст
ютуб в аудио	как скачать только аудио с ютуба
ютуб в аудио	скачать аудио с ютуба в mp3 тг
ютуб в аудио	скачать видео с ютуба только аудио
ютуб в аудио	скачать аудио с ютуба тг
ютуб в аудио	как выложить песню в ютуб музыку с телефона
ютуб в аудио	скачать аудио с ютуба телеграмм бот
ютуб в аудио	скачать только аудио с ютуба
ютуб в аудио	как удалить музыку в ютуб музыке
ютуб в аудио	установщик аудио с ютуба
ютуб в аудио	скачать видео с ютуба в аудио формате
ютуб в аудио	как сделать в ютуб музыке фоновую музыку
ютуб в аудио	скачать аудио файл с ютуба
ютуб в аудио	скачать видео с ютуба аудио формат
ютуб в аудио	как скачать видео с ютуба в аудио формате
ютуб в аудио	скачать аудио с ютуба в хорошем качестве
ютуб в аудио	скачать музыку с ютуб в мр3 в хорошем качестве
ютуб в аудио	скачать аудио ч ютуба
ютуб в аудио	скачать аудио через ссылку wav с ютуба
ютуб в аудио	какую музыку можно использовать в ютуб шортс
ютуб в аудио	как добавить музыку в ютуб шортс на пк
ютуб в аудио	как добавить музыку в ютуб шортс
ютуб в аудио	как перенести музыку из яндекс в ютуб
ютуб в аудио	перенести музыку из яндекс музыки в ютуб музыку
ютуб в аудио	перенос музыки из ютуб музыки в яндекс музыку
ютуб без видео	ютуб без видео
ютуб без видео	ютуб простой
ютуб без видео	простой парень ютуб канал
ютуб без видео	включи простой ютуб
ютуб без видео	простой пацан ютуб
ютуб без видео	простой парень ютуб
ютуб без видео	простой генератор для тдкс ютуб
ютуб без видео	простой пацан ютуб новые серии
бот ютуб	бот ютуб
бот ютуб	бот для скачивания видео с ютуба
бот ютуб	бот для скачивания видео из ютуба
бот ютуб	скачать видео с ютуба телеграм бот
бот ютуб	скачать видео с ютуба тг бот
бот ютуб	тг бот для скачивания видео из ютуба
бот ютуб	тг бот скачать видео с ютуба
бот ютуб	бот скачать видео с ютуб
бот ютуб	телеграмм бот для скачивания видео с ютуба
бот ютуб	бот для скачивания видео с ютуба в телеграмме
бот ютуб	бот для скачивания аудио из ютуб
бот ютуб	скачать аудио из ютуб телеграм бот
бот ютуб	скачать видео с ютуба бот
бот ютуб	телеграм бот для скачивания видео с ютуб
бот ютуб	бот тг для скачивания видео с ютуб
бот ютуб	скачать видео с ютуб тг бот
бот ютуб	бот телеграм скачать видео с ютуб
бот ютуб	бот для скачивания видео с ютуб
бот ютуб	скачать видео ютуб тг бот
бот ютуб	скачать видео из ютуб тг бот
бот ютуб	скачать видео с ютуб бот тг
бот ютуб	скачать видео из ютуб бот
бот ютуб	бот ютуб для телеграмма
бот ютуб	телеграм бот для скачивания с ютуб
бот ютуб	бот в телеграмм для скачивания видео с ютуб
бот ютуб	бот для скачивания с ютуб
бот ютуб	бот телеграм для скачивания видео с ютуб
бот ютуб	бот для стрима на ютубе
бот ютуб	ютубер впн бот
бот ютуб	бот для загрузки видео с ютуб
бот ютуб	бот для загрузки видео с ютуба в телеграм
бот ютуб	бот для загрузки видео с ютуба
бот ютуб	тг бот для загрузки видео с ютуба
бот ютуб	бот для загрузки видео в ютуб
бот ютуб	бот загрузчик видео ютуб
бот ютуб	бот для скачивания видео из ютуб
бот ютуб	бот для скачивания музыки из ютуб в телеграмм
бот ютуб	бот для воспроизведения музыки в дискорде из ютуб
бот ютуб	скачать видео из ютуб бот тг
бот ютуб	скачать видео из ютуб телеграмм бот
бот ютуб	метал кард бот ютуб
бот ютуб	бот который скачивает видео с ютуба
бот ютуб	бот который качает видео с ютуба
бот ютуб	как добавить бот в канал макс
бот ютуб	как добавить бот в тг канал
бот ютуб	как удалить канал бот в максе
бот ютуб	как в телеграмме удалить бот канал навсегда
бот ютуб	накрутка подписчиков в тг канал бот
бот ютуб	akemi бот канал
бот ютуб	музыка тг канал бот
бот ютуб	бот дискорд музыка ютуб
бот ютуб	музыкальный бот дискорд ютуб
бот ютуб	метал кард бот 2 сезон ютуб
бот ютуб	телеграм бот для скачивания музыки с ютуб
бот ютуб	бот дискорд для музыки из ютуба
бот ютуб	музыкальный бот для дискорда с ютуба
бот ютуб	бот для скачивания музыки с ютуба
бот ютуб	найт бот для ютуб
бот ютуб	подтвердите что вы не бот ютуб
бот ютуб	ютуб просит подтвердить что не бот
бот ютуб	бот на скачивание видео из ютуба
бот ютуб	бот для накрутки подписчиков ютуб
бот ютуб	бот по скачиванию видео с ютуба
бот ютуб	бот для проигрывания музыки в дискорде из ютуба
бот ютуб	бот для просмотра видео с ютуба в телеграмм
бот ютуб	астро бот пс5 ютуб
бот ютуб	бот по скачиванию видео с ютуба в тг
бот ютуб	скачать с ютуб телеграм бот
бот ютуб	ютуб бот телеграмм
бот ютуб	что такое бот в телеграм канале
бот ютуб	бот накрутка подписчиков в тг канале
бот ютуб	что означает бот в телеграмм канале
бот ютуб	бот для розыгрыша в тг канале
бот ютуб	бот для комментариев в канале макс
бот ютуб	бот для реакций в телеграмм канале
бот ютуб	бот для розыгрыша в телеграмм канале
бот ютуб	метал кард бот на канале карусель
бот ютуб	бот для чата ютуб
бот ютуб	бот чат дискорд и ютуб
бот ютуб	бот чтобы скачать видео с ютуба
бот ютуб	чат бот для скачивания видео с ютуба
бот ютуб	тг бот чтобы скачать видео с ютуба
бот ютуб	бот в тг чтобы скачать видео с ютуба
бот ютуб	бот в телеграмме чтобы скачать видео с ютуба
бот ютуб	бот чтобы скачивать видео с ютуба
ютуб телеграм бот	боты в телеграм для скачивания видео с ютуб
ютуб телеграм бот	телеграм бот скачать видео с ютуб
ютуб телеграм бот	телеграм бот скачать ютуб
ютуб телеграм бот	бот в телеграм для скачивания видео с ютуб
ютуб телеграм бот	скачать видео с ютуб телеграм бот
ютуб телеграм бот	скачать видео ютуб телеграм бот
ютуб телеграм бот	скачивание видео с ютуб телеграм бот
ютуб телеграм бот	скачать аудио ютуб телеграмм
ютуб телеграм бот	боты для скачивания видео с ютуб в телеграмм
ютуб телеграм бот	боты чтобы скачать видео с ютуб в телеграмм
ютуб телеграм бот	бот скачать видео с ютуб телеграмм
ютуб телеграм бот	боты для скачивания видео с ютуб в телеграмм бесплатно
ютуб телеграм бот	телеграмм боты для скачивания видео с ютуб
ютуб телеграм бот	скачать видео с ютуба телеграм бот бесплатно
ютуб телеграм бот	скачать видео ютуб телеграмм бот
ютуб телеграм бот	запрет дискорд ютуб телеграмм гитхаб
ютуб телеграм бот	скачать запрет дискорд ютуб телеграмм гитхаб
ютуб телеграм бот	телеграмм канал и грянул грэм ютуб
ютуб телеграм бот	гордон ютуб телеграмм
ютуб телеграм бот	генерал свр телеграмм канал ютуб последнее
ютуб телеграм бот	телеграм бот для скачивания видео с ютуба
ютуб телеграм бот	запрет дискорд ютуб телеграмм
ютуб телеграм бот	жирнов телеграмм ютуб
ютуб телеграм бот	жирнов телеграмм ютуб канал
ютуб телеграм бот	скачать запрет дискорд ютуб телеграмм
ютуб телеграм бот	запрет ютуб дискорд телеграмм
ютуб телеграм бот	запрет дискорд телеграмм ютуб
ютуб телеграм бот	запрет ютуб телеграмм
ютуб телеграм бот	скачать запрет ютуб телеграмм
ютуб телеграм бот	запрет дискорд ютуб и телеграмм
ютуб телеграм бот	боты телеграм для скачивания видео с ютуб
ютуб телеграм бот	телеграмм боты для загрузки видео с ютуб
ютуб телеграм бот	максим кац телеграмм канал ютуб
ютуб телеграм бот	как смотреть ютуб через телеграмм
ютуб телеграм бот	когда разблокируют телеграмм и ютуб в россии
ютуб телеграм бот	как скачать видео с ютуб через телеграмм
ютуб телеграм бот	когда разблокируют телеграмм и ютуб
ютуб телеграм бот	как скачать видео из ютуб через телеграмм
ютуб телеграм бот	как смотреть ютуб и телеграмм
ютуб телеграм бот	когда заработает телеграмм и ютуб
ютуб телеграм бот	разблокируют ли телеграмм и ютуб в россии
ютуб телеграм бот	можно ли смотреть ютуб через телеграмм
ютуб телеграм бот	ютуб мама телеграмм
ютуб телеграм бот	скачать музыку с ютуба в mp3 телеграм бот
ютуб телеграм бот	телеграм бот скачать музыку из ютуба
ютуб телеграм бот	скачать музыку с ютуба бот телеграм
ютуб телеграм бот	невзоров телеграмм ютуб
ютуб телеграм бот	не работает телеграмм и ютуб
ютуб телеграм бот	почему не работает ютуб ватсап и телеграмм
ютуб телеграм бот	почему не работает ютуб и телеграмм
ютуб телеграм бот	как настроить запрет дискорд ютуб на телеграмм
ютуб телеграм бот	не работает телеграмм и ютуб с впн
ютуб телеграм бот	не работает телеграмм и ютуб сегодня
ютуб телеграм бот	обход телеграмм ютуб
ютуб телеграм бот	скачать ютуб премиум через телеграмм
ютуб телеграм бот	прокси для телеграмм и ютуб
ютуб телеграм бот	прокси для телеграмм ютуб
ютуб телеграм бот	почему заработал телеграмм и ютуб
ютуб телеграм бот	ютуб и телеграмм разблокировали
ютуб телеграм бот	запрет дискорд ютуб роблокс телеграмм
ютуб телеграм бот	чаплыга телеграмм ютуб
ютуб телеграм бот	ютуб телеграмм чат
ютуб телеграм бот	скачать видео с ютуб через телеграмм
ютуб телеграм бот	скачать ютуб через телеграмм
ютуб телеграм бот	смотреть ютуб через телеграмм
текст видео ютуб	текст видео ютуб
текст видео ютуб	текст видео ютуба по ссылке
текст видео ютуб	шопинг модный лук я звезда youtube текст
текст видео ютуб	zapret discord youtube текст для роблокса
текст видео ютуб	конвертация видео в текст youtube
текст видео ютуб	youtube текст из видео
текст видео ютуб	zapret discord youtube текст
текст видео ютуб	всё так просто шоппинг модный лук я звезда youtube текст
текст видео ютуб	лайк шопинг модный лук я звезда youtube текст
текст видео ютуб	текст видео youtube
расшифровка видео ютуб	расшифровка видео ютуб
расшифровка видео ютуб	расшифровка видео ютуб в текст
расшифровка видео ютуб	расшифровка видео ютуб в текст онлайн
расшифровка видео ютуб	расшифровка видео ютуб по ссылке
расшифровка видео ютуб	расшифровка видео ютуб в текст онлайн бесплатно
расшифровка видео ютуб	расшифровка видео с ютуба в текст
расшифровка видео ютуб	расшифровка видео с ютуба
расшифровка видео ютуб	расшифровка текста с видео ютуб
расшифровка видео ютуб	текстовая расшифровка видео с ютуба
расшифровка видео ютуб	расшифровка текста из видео ютуб
расшифровка видео ютуб	расшифровка видео ютуба
расшифровка видео ютуб	расшифровка видео с ютуба в текст бесплатно
расшифровка видео ютуб	расшифровка видео из ютуба
расшифровка видео ютуб	расшифровка видео youtube
расшифровка видео ютуб	youtube расшифровка видео в текст
расшифровка видео ютуб	расшифровка видео из ютуба в текст
расшифровка видео ютуб	расшифровка youtube видео в текст
расшифровка видео ютуб	расшифровка youtube в текст
расшифровка видео ютуб	расшифровка видео на ютубе в текст
расшифровка видео ютуб	расшифровка видео на ютубе
расшифровка видео ютуб	расшифровка видео в ютубе
расшифровка видео ютуб	расшифровка текста видео на ютубе
расшифровка видео ютуб	расшифровка видео на ютуб
расшифровка видео ютуб	расшифровка видео с ютуба в текст онлайн
расшифровка видео ютуб	расшифровка видео с ютуб
расшифровка видео ютуб	расшифровка ютуб видео в текст
транскрибация видео ютуб	транскрибация видео ютуб
транскрибация видео ютуб	транскрибация видео ютуб в текст
транскрибация видео ютуб	транскрибация видео ютуба
транскрибация видео ютуб	транскрибация видео ютуб в текст онлайн бесплатно
транскрибация видео ютуб	транскрибация видео ютуб по ссылке
транскрибация видео ютуб	транскрибация видео ютуб в текст онлайн
транскрибация видео ютуб	транскрибация видео ютуб бесплатно
транскрибация видео ютуб	транскрибация видео с ютуба
транскрибация видео ютуб	транскрибация ютуб видео
транскрибация видео ютуб	транскрибация видео с ютуба в текст онлайн
транскрибация видео ютуб	транскрибация видео с ютуба в текст онлайн бесплатно
транскрибация видео ютуб	транскрибация видео с ютуба в текст
транскрибация видео ютуб	транскрибация видео из ютуба
транскрибация видео ютуб	транскрибация видео в текст с ютуба
транскрибация видео ютуб	транскрибация видео youtube
транскрибация видео ютуб	транскрибация видео youtube в текст
транскрибация видео ютуб	транскрибация youtube видео
транскрибация видео ютуб	транскрибация ютуб видео в текст онлайн бесплатно
транскрибация видео ютуб	транскрибация ютуб видео в текст онлайн
транскрибация видео ютуб	транскрибация ютуб видео в текст
транскрибация видео ютуб	транскрибация видео в текст ютуб
транскрибация видео ютуб	транскрибация видео из ютуб в текст
транскрибация видео ютуб	транскрипция ютуб видео в текст онлайн
транскрибация видео ютуб	транскрибация youtube в текст
транскрибация видео ютуб	транскрибация видео на ютубе
транскрибация видео ютуб	транскрибация видео из ютуб
транскрибация видео ютуб	транскрибация текста из видео ютуб
транскрибация видео ютуб	транскрипция из видео ютуб
транскрибация видео ютуб	транскрибация видео из ютуба в текст
транскрибация видео ютуб	транскрибировать видео из ютуб
транскрибация видео ютуб	транскрибация видео на ютуб
транскрибация видео ютуб	транскрипция видео на ютуб
транскрибация видео ютуб	транскрипция ролика ютуб
транскрибация видео ютуб	транскрибация видео с ютуб
транскрибация видео ютуб	транскрипция субтитров ютуб
транскрибация видео ютуб	транскрибировать видео с ютуб
транскрибация видео ютуб	транскрипция видео с ютуб
транскрибация видео ютуб	транскрибация видео с youtube
транскрибация видео ютуб	транскрипция видео с ютуб в текст
транскрибация видео ютуб	транскрипция ютуб шортс
субтитры ютуб текст	субтитры ютуб в текст
субтитры ютуб текст	субтитры из видео ютуб в текст
субтитры ютуб текст	субтитры с ютуба скачать
субтитры ютуб текст	скачать субтитры с ютуба по ссылке
субтитры ютуб текст	субтитры ютуба
субтитры ютуб текст	скачать субтитры с видео с ютуба
субтитры ютуб текст	как скачать субтитры с ютуба
субтитры ютуб текст	субтитры с ютуба
субтитры ютуб текст	как скопировать субтитры с ютуба текстом
субтитры ютуб текст	скопировать субтитры из ютуба
субтитры ютуб текст	скачать субтитры с ютуба бесплатно
субтитры ютуб текст	скачать субтитры с ютуба по ссылке бесплатно
субтитры ютуб текст	скачать субтитры видео с ютуба
субтитры ютуб текст	субтитры из ютуба в текст
субтитры ютуб текст	как скачать субтитры видео с ютуба
субтитры ютуб текст	субтитры с ютуба в текст
субтитры ютуб текст	скачать субтитры с видео с ютуба онлайн
субтитры ютуб текст	субтитры видео с ютуба
субтитры ютуб текст	скачать субтитры к видео с ютуба
субтитры ютуб текст	расширение для ютуба субтитры
субтитры ютуб текст	субтитры для ютуба
субтитры ютуб текст	скачать субтитры из ютуба
субтитры ютуб текст	субтитры из ютуба
субтитры ютуб текст	как скачать субтитры из ютуба
субтитры ютуб текст	как вывести субтитры из ютуба в текст
субтитры ютуб текст	как скачать субтитры с ютуба текстом
субтитры ютуб текст	как скопировать субтитры с ютуба
субтитры ютуб текст	скачать субтитры с ютуба онлайн
субтитры ютуб текст	субтитры с ютуба онлайн
субтитры ютуб текст	субтитры с ютуба по ссылке
субтитры ютуб текст	скачать с ютуба субтитры
субтитры ютуб текст	скачать субтитры ютуба
субтитры ютуб текст	скачать видео с ютуба субтитры
конспект видео ютуб	конспект видео ютуб
конспект видео ютуб	конспект по видео из ютуба
конспект видео ютуб	конспект по ютуб видео
конспект видео ютуб	конспект из видео ютуб
конспект видео ютуб	конспект видео с ютуба
конспект видео ютуб	как сделать конспект из видео на ютубе
конспект видео ютуб	конспект видео с ютуба нейросеть
конспект видео ютуб	конспект с видео ютуб бесплатно
конспект видео ютуб	как сделать конспект по видео из ютуба
конспект видео ютуб	конспект по видео с ютуба
конспект видео ютуб	как сделать конспект видео с ютуба
конспект видео ютуб	конспект видео из ютуба
конспект видео ютуб	конспект по видео нейросеть из ютуба
конспект видео ютуб	сделать конспект по видео из ютуба
конспект видео ютуб	конспект видео с ютуба нейросеть яндекс
конспект видео ютуб	как получить конспект видео в ютубе
конспект видео ютуб	сделать конспект из видео на ютубе
конспект видео ютуб	конспект из видео ютуб нейросеть
конспект видео ютуб	анализ видео ютуб ии
конспект видео ютуб	конспект по видео из ютуба нейросеть
конспект видео ютуб	написать конспект по видео из ютуба
конспект видео ютуб	составить конспект по видео с ютуба
конспект видео ютуб	конспект с видео ютуб
слушать лекции	слушать лекции
слушать лекции	слушать лекции для сна
слушать лекции	слушать лекции осипова
слушать лекции	слушать лекции мединского по истории
слушать лекции	слушать лекции для сна онлайн бесплатно
слушать лекции	слушать лекции мединского по истории россии
слушать лекции	слушать лекции мединского
слушать лекции	слушать лекции профессора осипова
слушать лекции	слушать лекции льва гумилева
слушать лекции	слушать лекции мединского по истории россии бесплатно и без регистрации
слушать лекции	слушать лекции андрея ткачева последние
слушать лекции	слушать лекции андрея ткачева
слушать лекции	слушать лекции алексея исаева
слушать лекции	слушать лекции александра артамонова
слушать лекции	слушать лекции алексея ильича осипова
слушать лекции	слушать лекции авадхут махарадж
слушать лекции	слушать лекции алексея осипова
слушать лекции	слушать лекции александра васильевича клюева
слушать лекции	слушать лекции андрея фурсова
слушать лекции	слушать лекции анохина константина
слушать лекции	слушать лекции бехтеревой
слушать лекции	слушать лекции быкова
слушать лекции	слушать лекции быкова о литературе
слушать лекции	слушать лекции бондаренко
слушать лекции	слушать лекции богослова алексея осипова
слушать лекции	слушать лекции басовской
слушать лекции	слушать лекции бесплатно
слушать лекции	лекции слушать бесплатно
слушать лекции	антрополог дробышевский лекция слушать онлайн бесплатно
слушать лекции	слушать лекции владимира мединского
слушать лекции	слушать лекции веды
слушать лекции	слушать лекции владимира мединского история россии
слушать лекции	слушать лекции валерия бондаренко
слушать лекции	слушать лекции василия ирзабекова
слушать лекции	слушать лекции валерия синельникова
слушать лекции	слушать лекции виктора савельева
слушать лекции	слушать лекции валерии пороховой
слушать лекции	паола волкова лекции об искусстве слушать лекция 1
слушать лекции	слушать лекции генерала петрова
слушать лекции	слушать лекции григория климова
слушать лекции	слушать лекции для сна про космос
слушать лекции	слушать лекции дмитрия быкова
слушать лекции	слушать лекции дмитрия смирнова
слушать лекции	слушать лекции дробышевского
слушать лекции	слушать лекции дробышевского по антропологии
слушать лекции	слушать лекции для сна по истории
слушать лекции	слушать лекции дмитрия белоусова
слушать лекции	слушать лекции для сна онлайн
слушать лекции	слушать лекции евгения жаринова
слушать лекции	слушать лекции елизаветы лихачевой
слушать лекции	слушать лекции екатерины мурашовой
слушать лекции	слушать лекции жаринова
слушать лекции	слушать лекции жириновского
слушать лекции	слушать лекции ивана соколова
слушать лекции	слушать слушать
слушать лекции	слушать слушать музыку бесплатно
слушать лекции	слушать слушать музыку
слушать лекции	слушать слушать радио онлайн
слушать лекции	слушать слушать маруся фм
слушать лекции	слушать слушать песни
слушать лекции	слушать слушать хорошую музыку
слушать лекции	слушать слушать онлайн бесплатно
слушать лекции	слушать слушать русское радио
слушать лекции	слушать лекции корепанова новые
слушать лекции	слушать лекции константина корепанова священника
слушать лекции	слушать лекции константина корепанова
слушать лекции	слушать лекции корепанова по исааку сирину по порядку
слушать лекции	слушать лекции корепанова
слушать лекции	слушать лекции корепанова по исааку сирину
слушать лекции	слушать лекции кашковского по пчеловодству
слушать лекции	кураев мастер и маргарита лекция слушать
слушать лекции	слушать лекции лабковского онлайн бесплатно последние выпуски
слушать лекции	слушать лекции лабковского
слушать лекции	слушать лекции лабковского онлайн бесплатно
слушать лекции	слушать лекции леонида тугутова
слушать лекции	слушать лекции лазарева
слушать лекции	слушать лекции лазарева сергея николаевича бесплатно онлайн в хорошем в качестве
слушать лекции	слушать лекции леонида мациха
слушать лекции	слушать лекции лабковского бесплатно
слушать лекции	слушать лекции лакшми нараяна дас
слушать лекции	слушать лекции мединского по истории россии онлайн бесплатно
слушать лекции	слушать лекции мединского по истории россии бесплатно и без регистрации онлайн в полном
слушать лекции	слушать лекции марины романовой по истории
слушать лекции	слушать лекции минаев
слушать лекции	слушать лекции минаева по истории
слушать лекции	слушать лекции мациха леонида александровича
слушать лекции	слушать лекции натальи басовской
слушать лекции	слушать лекции на ночь
слушать лекции	слушать лекции натальи грейс
слушать лекции	слушать лекции натальи бехтеревой
слушать лекции	слушать лекции осипова алексея ильича бесплатно
слушать лекции	слушать лекции осипова алексея ильича бесплатно онлайн в хорошем качестве без регистрации и рекламы
слушать лекции	слушать лекции осипова онлайн бесплатно
слушать лекции	слушать лекции олега торсунова
слушать лекции	слушать лекции о космосе для сна про космос онлайн бесплатно
слушать лекции	слушать лекции осипова алексея ильича бесплатно онлайн в хорошем
слушать лекции	слушать лекции осипова алексея ильича бесплатно онлайн
слушать лекции	слушать лекции осипова алексея ильича
слушать лекции	слушать лекции осипова алексея ильича бесплатно онлайн в хорошем качестве
слушать лекции	слушать лекции по психологии
слушать лекции	слушать лекции по истории россии мединского
слушать лекции	слушать лекции по психологии от лучших психологов
слушать лекции	слушать лекции по истории
слушать лекции	слушать лекции по истории мединского
слушать лекции	слушать лекции по психологии онлайн бесплатно
слушать лекции	слушать лекции по литературе
слушать лекции	слушать лекции по психологии от лучших психологов бесплатно онлайн
слушать лекции	слушать лекции по философии
слушать лекции	слушать лекции радзинского
слушать лекции	слушать лекции сурдина
слушать лекции	слушать лекции сатьи
слушать лекции	слушать лекции сатья дас новые
слушать лекции	слушать лекции соколова о музыке
слушать лекции	слушать лекции сатьи дас
слушать лекции	слушать лекции сатья
слушать лекции	слушать лекции сергея данилова
слушать лекции	слушать лекции сатья психолога бесплатно
слушать лекции	слушать лекции сатья дас
слушать лекции	слушать лекции сапольски
слушать лекции	слушать лекции торсунов
слушать лекции	слушать лекции татьяны черниговской онлайн бесплатно
слушать лекции	слушать лекции торсунова
слушать лекции	слушать лекции торсунова бесплатно в хорошем качестве
слушать лекции	слушать лекции торсунова о здоровье
слушать лекции	слушать лекции татьяны черниговской
слушать лекции	слушать лекции ткачева
слушать лекции	слушать лекции торсунова бесплатно в хорошем
слушать лекции	слушать лекции торсунова бесплатно в хорошем качестве о здоровье
слушать лекции	слушать лекции тамары эйдельман
слушать лекции	слушать лекции ученых
слушать лекции	слушать лекции ужанкова
слушать лекции	слушать лекции фурсова
слушать лекции	слушать лекции хакимова
слушать лекции	слушать лекции черниговской
слушать лекции	слушать лекции черниговской татьяны владимировны онлайн бесплатно
слушать лекции	слушать лекции чайтанья чандра чаран прабху
слушать лекции	слушать лекции черниговской татьяны
слушать лекции	слушать лекции черниговской татьяны владимировны онлайн бесплатно без регистрации
слушать лекции	слушать лекции черниговской татьяны владимировны
слушать лекции	слушать лекции юрия николаевича луценко
слушать лекции	слушать лекции юрия андреевича фролова
слушать лекции	антрополог дробышевский лекция слушать
слушать лекции	мединский о лермонтове лекция слушать
слушать лекции	лекция слушать онлайн
слушать лекции	паола волкова лекции об искусстве слушать лекция 2
слушать лекции	паола волкова лекции об искусстве слушать лекция 3
подкасты ютуб	подкасты ютуб
подкасты ютуб	ютуб подкасты
подкасты ютуб	анна ханна ютуб подкасты последние
подкасты ютуб	ютуб анна ханна подкасты
подкасты ютуб	ютуб подкасты лучшие
подкасты ютуб	анна ханна подкасты ютуб
подкасты ютуб	интересные подкасты на ютубе
подкасты ютуб	подкасты на ютубе
подкасты ютуб	анна ханна подкасты ютуб последние
подкасты ютуб	подкасты на ютубе интересные
подкасты ютуб	анна ханна ютуб подкасты
подкасты ютуб	анна ханна ютуб подкасты последний выпуск
подкасты ютуб	youtube подкасты
подкасты ютуб	анжела ильина ютуб подкаст
подкасты ютуб	анна ханна последний подкаст ютуб
подкасты ютуб	подкаст английский ютуб
подкасты ютуб	видео ютуб в подкаст
подкасты ютуб	живой гвоздь ютуб канал подкасты
подкасты ютуб	живой гвоздь ютуб подкаст
подкасты ютуб	живой гвоздь ютуб слушать подкасты
подкасты ютуб	живой гвоздь ютуб слушать подкасты бесплатно
подкасты ютуб	у холмов есть подкаст ютуб
подкасты ютуб	исторический подкаст ютуб
подкасты ютуб	интересный подкаст ютуб
подкасты ютуб	как сделать подкаст на ютуб
подкасты ютуб	куджи подкаст ютуб
подкасты ютуб	1 канал подкасты
подкасты ютуб	первый канал подкасты
подкасты ютуб	ютуб подкаст казакша
подкасты ютуб	подкаст казакша ютуб
подкасты ютуб	подкасты медузы ютуб
подкасты ютуб	модный подкаст ютуб
подкасты ютуб	ютуб модный подкаст
подкасты ютуб	нурадам подкаст ютуб
подкасты ютуб	подкасты 1 канал официальный сайт
подкасты ютуб	подкасты жданов олег телеграмм канал
подкасты ютуб	родительский подкаст ютуб
подкасты ютуб	сыр подкаст ютуб
подкасты ютуб	подкасты на 1 канале
подкасты ютуб	подкасты на первом канале
подкасты ютуб	подкасты на первом канале смотреть
подкасты ютуб	тутти фрутти подкаст ютуб
подкасты ютуб	ютуб ходорковский лайф подкасты
аудиокниги ютуб	аудиокниги ютуб
аудиокниги ютуб	аудиокниги ютуб слушать бесплатно и без регистрации
аудиокниги ютуб	ютуб аудиокниги слушать онлайн бесплатно
аудиокниги ютуб	аудиокниги на ютубе
аудиокниги ютуб	ютуб аудиокниги слушать
аудиокниги ютуб	ютуб youtube аудиокниги
аудиокниги ютуб	аудиокниги на ютубе слушать онлайн бесплатно
аудиокниги ютуб	слушать аудиокниги на ютубе
аудиокниги ютуб	ютуб аудиокниги попаданцы
аудиокниги ютуб	ютуб аудиокниги слушать бесплатно
аудиокниги ютуб	скачать аудиокниги с ютуба
аудиокниги ютуб	аудиокниги на youtube
аудиокниги ютуб	youtube аудиокниги
аудиокниги ютуб	ютуб youtube аудиокниги попаданцы
аудиокниги ютуб	youtube аудиокниги слушать онлайн бесплатно
аудиокниги ютуб	аудиокниги агата кристи ютуб
аудиокниги ютуб	аудиокниги слушать бесплатно в youtube
аудиокниги ютуб	аудиокниги слушать в youtube бесплатно
аудиокниги ютуб	ютуб аудиокниги слушать онлайн бесплатно и без регистрации
аудиокниги ютуб	ютуб аудиокниги слушать онлайн бесплатно попаданцы
аудиокниги ютуб	ютуб главная страница аудиокниги
аудиокниги ютуб	слушать на ютубе аудиокниги
аудиокниги ютуб	искать в ютубе аудиокниги
аудиокниги ютуб	популярные аудиокниги на ютубе
аудиокниги ютуб	телеграм канал аудиокниги
аудиокниги ютуб	телеграмм канал аудиокниги
аудиокниги ютуб	тг канал аудиокниги
аудиокниги ютуб	ютуб аудиокниги каляныч
аудиокниги ютуб	канал прометей аудиокниги слушать онлайн
аудиокниги ютуб	ютуб аудиокниги сталкер
аудиокниги ютуб	ютуб слушать аудиокнигу
аудиокниги ютуб	слушать аудиокниги бесплатно на канале слушкин
аудиокниги ютуб	слушать аудиокниги на канале книга в ухе
аудиокниги ютуб	слушать аудиокниги на канале полка
аудиокниги ютуб	ютуб аудиокниги слушать бесплатно бытовое фэнтези
